,x0 (px),y0 (px),gratio,axon_area (um^2),axon_perimeter (um),myelin_area (um^2),axon_diam (um),myelin_thickness (um),axonmyelin_area (um^2),axonmyelin_perimeter (um),solidity,eccentricity,orientation,image_border_touching,bbox_min_y,bbox_min_x,bbox_max_y,bbox_max_x
0,116.99352051835854,5.280777537796976,0.5716175713250645,2.2687000000000004,8.088944443027284,4.674600000000001,1.6995877603526874,0.6368537017138345,6.943300000000001,13.740325753131026,0.9585921325051759,0.9739720454622895,1.5492493254926156,True,0,75,27,155
1,375.78758346868796,38.27070925825663,0.7433760545726622,27.150900000000004,21.646631303726515,21.981400000000004,5.879591784737265,1.0148591900561117,49.13230000000001,32.729017664464145,0.952061855670103,0.5987259221362559,-1.5620091534391871,True,0,309,102,451
2,501.56756756756755,2.6486486486486487,0.31622776601683794,0.18130000000000002,1.48698484809835,1.6317000000000002,0.4804563762304389,0.519440044504266,1.8130000000000002,5.952914139223984,0.9487179487179487,0.8526436522962013,-1.3753922215637848,True,0,486,15,521
3,542.5063938618925,16.26086956521739,0.693921532736994,3.8318000000000008,7.934873734152916,4.125800000000001,2.2088004182171366,0.4871345062828784,7.957600000000001,11.833767670841366,0.9467312348668281,0.5452129293957135,-0.30434596103689293,True,0,517,44,568
4,692.7601802921977,45.26150139881877,0.8135515122979159,63.05320000000001,37.32251008851332,32.2126,8.960012704348982,1.0267209840214615,95.26580000000001,42.70178028467162,0.875016999864001,0.8503806421341055,-1.4562633345049776,True,0,595,126,812
5,885.405737704918,5.948770491803279,0.4985971149497049,2.3912000000000004,8.045452018978109,7.227500000000001,1.744869737078021,0.8773443467438856,9.618700000000002,14.74434595566656,0.9439071566731141,0.9679973185184775,-1.493787427422351,True,0,855,29,942
6,1132.4249084249084,5.04029304029304,0.5283380587223284,1.3377000000000001,5.443441917710342,3.4545000000000003,1.3050718520419584,0.5825367991940026,4.792200000000001,9.711381310103741,0.934931506849315,0.9332649021669661,1.5475915747206226,True,0,1105,22,1162
7,1195.492385786802,31.46802030456853,0.664831817978798,9.653000000000002,14.32477272147525,12.186300000000001,3.505792538831773,0.8837047806737286,21.8393,19.703616151824864,0.8970856102003643,0.8025102104486039,-0.38920444342803734,True,0,1156,84,1229
8,1242.8355501813785,17.741233373639663,0.6802843475405516,4.052300000000001,8.424873734152918,4.704000000000001,2.2714639788317803,0.5337639993157771,8.756300000000001,18.27213382904346,0.920935412026726,0.6916305126524727,-0.29294824861759766,True,0,1222,45,1279
9,1491.883279426241,39.49430459850935,0.7961378383833277,34.843900000000005,23.750752518939716,20.129200000000004,6.660677996480354,0.852779599668583,54.97310000000001,30.412762620207488,0.9668252889191027,0.459559204354308,-1.3681515033534155,True,0,1419,105,1541
10,1339.5308867107362,68.97743332573512,0.8189999508077318,64.48890000000002,33.762459582174486,31.654000000000003,9.061446776120876,1.0012957330543442,96.14290000000001,39.60642927837118,0.9426975145046916,0.3649907142549664,1.14987496122549,True,0,1253,149,1420
11,171.52564102564102,13.252136752136753,0.5204164998665332,1.1466,4.243919189857866,3.0870000000000006,1.2082617522678345,0.5567294660897701,4.233600000000001,8.494873734152916,0.9212598425196851,0.6452695373608512,-1.0378953992691418,False,1,147,29,189
12,2.5220588235294117,25.970588235294116,0.3824088899852944,0.6664000000000001,5.467462120245876,3.8906000000000005,0.9211334499471358,0.743816167357411,4.557,10.804873734152917,0.84472049689441,0.994358531645745,0.009124916426418543,True,1,0,66,21
13,578.8549019607843,17.525490196078433,0.4968438626109148,1.2495000000000003,4.226934341759517,3.8122000000000007,1.2613139225215053,0.6386692973884937,5.061700000000001,11.621280297426075,0.9550561797752809,0.42761159690902617,-0.25769512045003923,False,1,563,35,607
14,1088.6744186046512,15.209302325581396,0.3850660489694794,0.21070000000000003,1.6149747468305835,1.2103000000000002,0.5179493914232344,0.4135714724189928,1.4210000000000003,4.6059292911256335,0.9347826086956522,0.662674763253999,-1.0742247228241593,False,6,1079,24,1100
15,53.56579925650558,43.75315985130111,0.6150937860864292,6.590500000000001,10.290853531617383,10.829000000000002,2.896771516633145,0.9063539433019614,17.419500000000003,18.445676759431468,0.9620886981402003,0.7448173212520078,-0.045239037768482655,False,4,25,81,93
16,470.63917525773195,34.04123711340206,0.5522965204859437,0.47530000000000006,2.6939696961967,1.0829000000000002,0.7779272174262981,0.31530229607820376,1.5582000000000003,5.9458787847867995,0.8899082568807339,0.753788102588764,-0.21078583648869614,False,22,463,45,487
17,508.95234375,50.9421875,0.6839855680567694,6.272000000000001,10.433767670841368,7.134400000000001,2.82590842466258,0.652811906602403,13.406400000000001,14.805676759431467,0.9446494464944649,0.6673470814411191,0.6276983941793983,False,22,479,84,539
18,254.8326291842704,70.4055898602535,0.6675954326127636,15.077300000000003,15.630752518939717,18.7523,4.381439784800822,1.09078831658569,33.829600000000006,23.244621202458752,0.9706624605678233,0.694687067850333,-0.30844984675958237,False,19,211,121,298
19,118.09488536155203,75.22081128747796,0.6314540182904768,13.891500000000002,15.9857272657703,20.9475,4.205616142218464,1.227296750778074,34.839000000000006,23.971555544218262,0.9574468085106383,0.8370267526284024,-0.4469890519760544,False,25,74,131,165
20,577.363184079602,49.97014925373134,0.4826059042991771,0.9849000000000001,3.876934341759517,3.2438000000000007,1.1198274990415542,0.60027460402592,4.228700000000001,9.009320702497142,0.9178082191780822,0.7108704591882846,-0.44370312716335614,False,34,563,66,601
21,1011.7752356637864,96.74401021209741,0.734132169528759,49.90160000000001,32.436580797387684,42.68880000000001,7.9709905573621285,1.4433572414848375,92.59040000000002,41.23838887330012,0.9388771088780308,0.9004928563556426,-1.3558003695513063,False,29,905,156,1106
22,1142.940414507772,73.54490500863558,0.5843733269033652,5.674200000000001,9.904823227814084,10.9417,2.6878645473193514,0.9558514635298124,16.615900000000003,17.04567675943147,0.9406986190089358,0.7612765370726526,0.8532768874928357,False,32,1110,102,1181
23,1233.0212765957447,66.31914893617021,0.5189807069747722,0.9212000000000001,3.7659292911256332,2.4990000000000006,1.083008895905307,0.5018955102253221,3.4202000000000004,8.514345955666558,0.9261083743842364,0.2421242868885869,0.4386255525976192,False,53,1212,81,1248
24,331.90101325019486,85.94388152766952,0.7030091605484954,6.286700000000001,10.1438181771802,6.433700000000001,2.8292180979709833,0.5976108883504577,12.720400000000001,18.105626253092634,0.9482631189948263,0.5293463664548574,0.79290468084924,False,58,305,116,373
25,832.8018018018018,73.89189189189189,0.7305161505085608,0.5439,2.7109545442950505,0.47530000000000006,0.832174854451548,0.1534926250921767,1.0192,4.42492424049175,0.9327731092436975,0.6385106303237227,-0.4318227218943608,False,64,827,82,843
26,426.16026067296184,145.61018752493683,0.7227017784098847,36.84310000000001,29.789444430272834,33.697300000000006,6.849094237242768,1.3139871162828103,70.5404,37.43024745555139,0.8938421302900618,0.9174626904147152,-0.7502541088768785,False,62,352,224,503
27,584.7469879518072,100.855421686747,0.6311893535223799,1.2201000000000002,4.70492424049175,1.8424000000000003,1.2463866047624919,0.3641384688273277,3.0625000000000004,12.666732316404184,0.9120879120879121,0.8827106300862315,-1.1969237800295423,False,81,566,114,615
28,763.54,118.99180327868852,0.6747531656851856,14.945000000000002,16.183717164502532,17.880100000000002,4.362174342695052,1.0513351161903426,32.825100000000006,23.14356564548603,0.9664131812420785,0.7962581548082184,-1.2314303409122658,False,79,711,161,820
29,543.0921052631579,112.55861244019138,0.6393762241358527,4.096400000000001,7.975878784786801,5.924100000000001,2.2837903737105827,0.644056720253261,10.020500000000002,12.598792924010782,0.95,0.4114367230746739,1.4480725298239625,False,89,516,138,571
30,843.2475247524752,105.54455445544555,0.6042021523992243,1.4847000000000001,4.972914139223983,2.5823000000000005,1.3749104523816438,0.45033487181033266,4.067,8.137838379715735,0.926605504587156,0.7749423628069588,1.1061437402614156,False,91,823,122,862
31,176.1622899159664,135.08193277310923,0.5966191280850864,9.329600000000001,17.859595949289336,16.8805,3.4465657771992655,1.1651308539008722,26.210100000000004,26.832886347983173,0.7300613496932515,0.9567773367731212,-0.8238947227445006,False,88,128,182,225
32,871.9230769230769,108.84615384615384,0.36359784079461815,0.19110000000000002,1.460477272147525,1.2544000000000002,0.493270794796215,0.4316838051007378,1.4455000000000002,4.6469343417595175,0.8863636363636364,0.3215682578832918,-0.6245228861991277,False,99,862,118,882
33,1534.0425531914893,112.56382978723404,0.7762500258061849,0.46060000000000006,2.7374621202458753,0.30380000000000007,0.7658029343799984,0.11036932760621582,0.7644000000000001,3.2879393923934,0.8785046728971962,0.6875662745204445,-0.3014521572732584,False,104,1528,121,1540
34,1234.390677025527,123.82463928967813,0.6305687481636204,4.4149,9.368843430349617,6.688500000000001,2.3709123277867676,0.6945230887190226,11.103400000000002,13.455777772109133,0.9307851239669421,0.8600231295687665,1.5013117762882322,False,101,1203,146,1269
35,296.94573643410854,118.36434108527132,0.5555289733140726,0.6321000000000001,2.9499494936611668,1.4161000000000001,0.8971146616944217,0.35888449918244536,2.0482000000000005,5.520904037956217,0.9347826086956522,0.6587836745378426,-0.04878200456256327,False,106,285,129,309
36,21.85940010712373,159.84118907337975,0.6829776449199031,18.2966,18.65979797464467,20.927900000000005,4.8265883037816035,1.1201950769899232,39.224500000000006,26.81668181006535,0.9716367421285454,0.8687816207796639,-0.1854952706368521,True,94,0,234,72
37,1159.7972582972584,140.8946608946609,0.6056101832853936,6.791400000000001,11.256782822743016,11.725700000000002,2.9405916146439623,0.957496604202091,18.517100000000003,17.801606050557098,0.9302013422818792,0.7529036827874125,0.9059298733772739,False,112,1118,183,1198
38,631.2613938641604,180.5387480049654,0.779603649001554,55.26220000000001,32.473464632808366,35.662200000000006,8.388207100987882,1.1856859821299386,90.92440000000002,40.26876513276997,0.9611385716720641,0.7818892163670593,-1.539555473424037,False,103,535,239,728
39,1474.5116652498348,189.15056201001227,0.7350823368533344,51.87630000000001,34.95039897456788,44.129400000000004,8.127173961134629,1.4644835182591216,96.00570000000002,40.01235856949682,0.8875754527162978,0.6228777007590826,0.7213416323329284,True,109,1387,279,1541
40,245.89473684210526,132.75438596491227,0.7871246517492033,0.27930000000000005,2.04698484809835,0.1715,0.5963353124245881,0.08063849037412664,0.4508000000000001,2.5394722215136416,0.9047619047619048,0.8479994735686024,1.4629507266687343,False,129,240,137,254
41,820.0919540229885,138.7088122605364,0.6477763100870298,1.2789000000000001,4.5649242404917505,1.7689000000000004,1.2760666337467648,0.34692600772381005,3.0478000000000005,8.6038181771802,0.9288256227758007,0.7644260403106016,-1.1324504190845224,False,125,797,151,836
42,1295.0940298507462,146.20597014925374,0.6257666250946977,3.2830000000000004,7.2758787847868,5.100900000000001,2.04451593913218,0.6113509967340717,8.3839,12.466255044256663,0.950354609929078,0.7670448426696909,-1.5253207546255574,False,124,1270,169,1329
43,91.76243093922652,146.353591160221,0.5364311200721635,0.8869000000000001,3.649949493661167,2.1952000000000003,1.0626552367657236,0.45915857546693717,3.0821000000000005,8.808843430349617,0.9329896907216495,0.7323566193290176,-0.20482190183903806,False,124,79,162,104
44,1073.3420965971459,220.19286498353458,0.8316518738247572,89.27800000000002,43.022785335305514,39.80270000000001,10.661720314980407,1.0791057492462774,129.0807,47.69502017702664,0.9222514679084834,0.3560582402812043,-0.6143086405009569,False,130,978,321,1166
45,517.3528528528528,160.7057057057057,0.547599238229145,3.2634000000000003,7.193868683519034,7.619500000000001,2.038403770181151,0.8420167104402064,10.882900000000001,13.451229791087242,0.9555236728837877,0.6925931459307431,-1.0012866949987964,False,138,491,188,554
46,320.82881355932204,168.20169491525425,0.5329761281724851,2.8910000000000005,6.681909088590101,7.286300000000001,1.9185764315839378,0.8405826697601847,10.1773,12.738792924010783,0.9624796084828712,0.580341874903812,-1.4554710308078185,False,146,291,194,348
47,1242.2693069306931,173.57326732673266,0.6547462863511805,4.949000000000001,9.4438181771802,6.595400000000001,2.5102315643968627,0.6618340476250189,11.544400000000001,13.7117575695736,0.9448082319925164,0.833568233689997,-1.065878199774746,False,149,1212,199,1276
48,860.827465700233,210.88014496505306,0.7141904509751433,37.857400000000005,25.098590898655452,36.3629,6.942732800623754,1.3891948065372666,74.22030000000001,35.32441917710342,0.9685345367932807,0.5797600713134606,1.557315727129348,False,146,773,277,930
49,216.86204598467177,212.07064311896033,0.6809476781811302,29.409800000000004,22.288641404994287,34.015800000000006,6.119290838222367,1.4335711923085948,63.42560000000001,32.08039897456788,0.9666612981156386,0.6897895679298625,-0.9144806799015412,False,146,148,277,283
50,958.2480948348857,208.43522438611348,0.5771059915103224,5.786900000000001,11.393868683519033,11.588500000000002,2.7144262600829507,0.9945439995103491,17.375400000000003,17.221707063234767,0.9262745098039216,0.9418276117585838,0.039591166442121996,False,168,935,256,988
51,1326.0985010706638,248.67248394004284,0.728769022051172,45.766000000000005,28.085424227737295,40.40540000000001,7.633549698819643,1.420515339829066,86.1714,39.846704525163375,0.9664735099337748,0.14567686515669273,0.7821985299998057,False,166,1246,327,1410
52,129.77464788732394,200.32394366197184,0.5416534221733175,0.34790000000000004,2.1339696961967,0.8379000000000001,0.6655524304015148,0.281594896617449,1.1858000000000002,4.115929291125633,0.9342105263157895,0.5016045368301191,1.2938638133615863,False,192,122,211,141
53,102.71428571428571,200.14285714285714,0.641688947919748,0.034300000000000004,0.4344974746830584,0.04900000000000001,0.20897874625046464,0.05834555408361242,0.08330000000000001,0.9149747468305833,0.875,0.7238845965239822,0.5318489112012798,False,199,101,204,106
54,1197.639891696751,225.41606498194946,0.6752533437083451,5.429200000000001,9.351858582251268,6.477800000000001,2.6291961007646703,0.6322239278145405,11.907000000000002,14.19927019615831,0.9559965487489215,0.6605923091435871,-0.508343179653216,False,196,1164,251,1223
55,481.00766423357663,236.32153284671534,0.661906038236387,13.426000000000002,16.26117928474841,17.218600000000002,4.134551260731241,1.055940522600388,30.644600000000004,22.800600999923216,0.9256756756756757,0.7549638531384131,-1.1872495235649971,False,192,423,278,525
56,539.3636363636364,211.0,0.15514516390090308,0.05390000000000001,0.5889949493661167,2.1854000000000005,0.26196872229566887,0.7132853399141914,2.2393000000000005,6.13889393668845,0.8461538461538461,0.8790490729915326,0.0,False,196,529,228,549
57,82.21551724137932,220.83189655172413,0.5728412523765446,1.1368000000000003,4.089421715174809,2.3275,1.2030871599576372,0.4485616236586581,3.4643000000000006,7.575351006300442,0.9169960474308301,0.616040898494209,-1.4794657935571387,False,206,66,239,98
58,341.9138461538462,223.33846153846153,0.5950046227461805,1.5925000000000002,4.80640656327316,2.9057000000000004,1.4239501307948768,0.4846123864972935,4.498200000000001,8.886305550595491,0.9447674418604651,0.6096175159329161,1.1651167490213383,False,206,322,245,360
59,1233.2139917695474,226.0781893004115,0.6215524949467766,1.1907,4.42492424049175,1.8914000000000002,1.2312783299953585,0.3748470288521198,3.0821000000000005,7.007888886054567,0.9239543726235742,0.7340960058392908,0.0785582605933138,False,211,1220,242,1248
60,305.56137479541735,236.15220949263502,0.617574491203101,2.9939000000000004,6.814873734152917,4.855900000000001,1.9524220529851133,0.6045068308638789,7.849800000000001,11.116782822743017,0.9472868217054263,0.6270565050780703,-0.5359891864041585,False,215,282,261,330
61,125.79411764705883,225.52941176470588,0.44721359549995787,0.16660000000000003,1.4604772721475252,0.6664000000000001,0.4605667249735679,0.28464589012089003,0.8330000000000001,3.4689444430272833,0.85,0.6769880668867866,-1.0228037083115258,False,219,118,232,135
62,730.5931818181818,235.04090909090908,0.6078136618430766,2.156,6.213868683519032,3.6799000000000004,1.6568356763568954,0.5345292131702041,5.8359000000000005,9.4438181771802,0.9341825902335457,0.8188124310808296,-0.7657175721182571,False,218,711,256,753
63,56.59180327868852,248.33770491803278,0.6215468252551859,2.9890000000000003,6.913868683519033,4.748100000000001,1.95082367199432,0.5939177725913631,7.737100000000001,10.795777772109133,0.953125,0.659604938136074,-1.280450683224952,False,228,32,271,81
64,995.710843373494,240.56626506024097,0.3281042509343535,0.40670000000000006,2.5129646455628167,3.3712000000000004,0.7196016417739685,0.7368043582972759,3.7779000000000007,8.1477878733769,0.8829787234042553,0.6922392570550095,-1.27783690723891,False,224,976,266,1007
65,377.2396351575456,254.92205638474294,0.637121598547915,5.909400000000001,10.2498484809835,8.648500000000002,2.743005972588826,0.7811520004777374,14.557900000000002,15.4957272657703,0.9444009397024276,0.8258056469314232,-1.4035616559181976,False,229,339,284,413
66,552.5483870967741,253.25806451612902,0.5811115485070649,2.2785,6.710904037956216,4.468800000000001,1.7032546206246055,0.6138870345673001,6.747300000000001,10.82683332908185,0.9226190476190477,0.895707085327942,1.462890643211382,False,239,526,272,582
67,131.6677471636953,267.29497568881686,0.6589395015580581,3.0233000000000003,6.780904037956216,3.9396000000000004,1.961984993723912,0.5077519091759364,6.962900000000001,10.150853531617383,0.9492307692307692,0.44429326276118963,-1.2710270876153213,False,248,111,287,155
68,665.1601182931981,279.9501478664977,0.6610277798083979,11.598300000000002,14.503717164502534,14.945000000000002,3.842839342426618,0.9852957950719985,26.543300000000002,20.999646455628167,0.9513665594855305,0.7737435119101518,-1.2707897695956771,False,245,619,320,716
69,605.8125,261.6666666666667,0.4509876168016973,0.23520000000000002,1.7719595949289333,0.9212000000000001,0.5472348133312703,0.3330897322267102,1.1564,5.025929291125633,0.8888888888888888,0.6214799545131979,1.428146043345793,False,254,598,271,615
70,99.5576923076923,268.16346153846155,0.6971235962232343,0.5096,2.6119595949289334,0.539,0.8055078348452229,0.17498282768914178,1.0486000000000002,3.8069343417595163,0.9369369369369369,0.5947563568076069,-0.014397595955081671,False,258,91,276,106
71,1531.8647342995168,270.7487922705314,0.6220256327921441,1.0143000000000002,4.028944443027283,1.6072000000000002,1.136418439759262,0.34527278138301426,2.6215,6.657888886054566,0.9324324324324325,0.7579281029948457,-0.8754681954818035,True,255,1516,284,1541
72,974.078125,276.5572916666667,0.5107539184552491,0.9408000000000001,3.86492424049175,2.6656000000000004,1.0944696266625407,0.5241907666943434,3.6064000000000007,9.168792924010784,0.9320388349514563,0.7843845599128686,0.9154359387067276,False,264,959,292,1000
73,41.92434529582929,292.07080504364694,0.6853494527883988,10.103800000000001,14.896782822743017,11.407200000000001,3.5867196310967966,0.8233487967543781,21.511000000000003,19.437686860699234,0.9004366812227074,0.8601757651962904,1.5301255396045719,False,261,1,325,92
74,747.196749358426,291.23096663815227,0.588794131308109,5.7281,10.184823227814084,10.794700000000002,2.700600569539577,0.9430314809016196,16.522800000000004,16.258691911333116,0.909727626459144,0.5442121641125545,-0.780526617761738,False,258,713,325,780
75,534.4205607476636,294.92938733125646,0.6757325722843972,4.718700000000001,9.542813126546317,5.615400000000001,2.4511294212549886,0.5881183363274892,10.334100000000001,13.646732316404183,0.9224137931034483,0.8445928062032182,0.76473226516069,False,269,505,327,562
76,394.06598984771574,291.98984771573606,0.5711032659662796,1.9306000000000003,5.57889393668845,3.9886000000000004,1.5678380863678831,0.5887207050016827,5.919200000000001,10.257310601229376,0.9314420803782506,0.7416617047789585,1.5297214011596145,False,272,371,309,418
77,1176.7328750888837,319.874377814648,0.6328306317238683,20.6731,19.529646455628168,30.948400000000003,5.130478382399101,1.4883559772449446,51.621500000000005,30.018489885977782,0.9621436716077537,0.8197177646531936,-1.020837527334934,False,259,1110,375,1238
78,602.8333333333334,285.93333333333334,0.5042194840896107,0.14700000000000002,1.2914823227814085,0.4312000000000001,0.43262710626597234,0.21269317897207976,0.5782,4.608416664540925,0.8571428571428571,0.7954218999397205,1.3379304624163555,False,279,598,295,613
79,1500.7719298245613,295.10526315789474,0.6075382150130167,1.9551000000000003,5.957888886054568,3.3418000000000005,1.577754934681466,0.5096045834119608,5.296900000000001,9.214345955666559,0.908883826879271,0.8515232358009408,-1.1434679217177561,False,279,1477,312,1522
80,948.1937639198218,296.739420935412,0.5661142707921921,2.2001000000000004,5.800904037956217,4.6648000000000005,1.6736948115985282,0.6413831369994921,6.864900000000001,10.085828278447968,0.951271186440678,0.6710070268577543,1.4470983871629468,False,279,924,317,970
81,471.2684563758389,306.25279642058166,0.636599078085573,4.3806,10.068843430349618,6.428800000000001,2.3616843882421827,0.6740806839832969,10.809400000000002,13.899797974644668,0.9021190716448032,0.9254912723596004,-1.3855387467166564,False,285,435,327,506
82,903.5316901408451,301.7992957746479,0.5033341111781203,1.3916000000000002,4.6059292911256335,4.1013,1.3311048608030296,0.6567351229766996,5.492900000000001,10.155828278447967,0.9435215946843853,0.6355419941484657,1.4798371192685955,False,284,886,324,926
83,579.8212927756654,309.9638783269962,0.6705017893881041,2.5774000000000004,6.599898987322334,3.1556000000000006,1.811531838693543,0.44511178699517284,5.7330000000000005,9.960325753131025,0.906896551724138,0.5576190745610609,-0.9693901797990534,False,292,557,329,602
84,236.3940189937361,331.2200444534249,0.7239802665768683,24.250100000000003,20.878691911333117,22.015700000000002,5.556634438559206,1.059242100418534,46.265800000000006,27.770600999923218,0.9477211796246648,0.768622568217683,1.4043530973380713,False,282,175,379,301
85,1380.5652173913043,307.4927536231884,0.33687808196031865,0.33810000000000007,2.3899494936611667,2.6411000000000002,0.6561114921070645,0.6457557413087546,2.9792000000000005,8.577310601229376,0.9078947368421053,0.8840746669563049,-0.686548078449412,False,285,1360,319,1395
86,1437.1841432225065,338.80708805261236,0.6660855521003363,13.411300000000002,16.772712113868653,16.816800000000004,4.13228720036576,1.0357756557862765,30.228100000000005,21.91462120245875,0.8909505208333334,0.67480695008184,-0.36054001923270346,False,289,1395,387,1476
87,122.71270718232044,311.1381215469613,0.5478739248032073,0.8869000000000001,3.72492424049175,2.0678,1.0626552367657236,0.43847144364351814,2.9547000000000003,7.534345955666558,0.9427083333333334,0.8510190454001109,-0.9229514881057314,False,299,105,330,138
88,991.0454545454545,306.27272727272725,0.5028653529707439,0.10780000000000002,1.0524873734152917,0.31850000000000006,0.37047971998808593,0.18312884725475417,0.42630000000000007,3.579949493661167,0.9565217391304348,0.7988125486825934,0.9104641276533212,False,299,988,312,1000
89,816.511229946524,330.7438502673797,0.6621574741070483,9.163000000000002,14.00874241767195,11.735500000000002,3.4156542489555783,0.8713586300602493,20.898500000000002,19.40371716450253,0.8973128598848369,0.8723713353245734,-0.9593856362306813,False,301,775,367,866
90,615.2142857142857,316.7738095238095,0.49778269417434456,0.8232000000000002,3.538944443027283,2.4990000000000006,1.0237825908004035,0.5164515967713684,3.3222000000000005,7.036883835420683,0.9230769230769231,0.7021385517074151,0.2919474442294905,False,304,600,335,628
91,92.67532467532467,323.5779220779221,0.5234704884835126,0.7546000000000002,3.3699494936611667,1.9992000000000003,0.9801972048813208,0.4461501703611644,2.7538000000000005,6.889848480983499,0.9333333333333333,0.7725589616085907,-0.7926668737603983,False,308,79,337,110
92,970.5757575757576,330.1818181818182,0.7966275068156915,0.1617,1.4169848480983502,0.09310000000000002,0.45374313701000024,0.05791845765397524,0.2548,1.7139696961967001,0.9428571428571428,0.7604038361238636,-0.9434312163542008,False,327,966,334,975
93,356.2243654822335,363.29035532994925,0.6279873222221504,14.479500000000002,15.582712113868649,22.236200000000004,4.293701432097112,1.2717703931354094,36.715700000000005,24.92753534168273,0.9619140625,0.6259546303389317,-0.7487730193036728,False,311,306,412,411
94,128.71600688468158,348.16523235800344,0.578846643887275,2.8469,6.838893936688451,5.649700000000001,1.9038869871677089,0.6926086578997026,8.4966,12.285249993622774,0.9370967741935484,0.5206333236603139,-0.9376719501924574,False,324,108,377,155
95,670.8860553445469,353.44329896907215,0.6076106525795982,9.030700000000001,13.10080302527855,15.430100000000003,3.3909061261910267,1.094907928597939,24.460800000000003,20.3216060505571,0.9247365780230807,0.8293988270151367,-1.1573006869653506,False,315,626,392,719
96,914.1528301886792,353.7937106918239,0.5667557862184746,7.791000000000001,11.36530049996161,16.464000000000002,3.149572874697719,1.203811462561785,24.255000000000003,19.857686860699232,0.9538092381523695,0.7086753871967701,-1.499830815896217,False,319,870,389,962
97,1031.3039599311317,376.6612928470809,0.7085221339966487,31.306100000000004,22.6676363543604,31.056200000000004,6.313490675643189,1.2986487654154484,62.36230000000001,31.896479784710017,0.9717110266159695,0.6923232668622176,-1.2108886072985499,False,318,963,438,1103
98,1525.5077399380805,355.8606811145511,0.5339324378520603,1.5827000000000002,5.701909088590099,3.9690000000000007,1.4195619843643117,0.6195650858300941,5.551700000000001,13.428843430349618,0.9073033707865169,0.8717948778445886,-0.910477698870506,False,307,1505,374,1540
99,583.8976683937824,376.32210708117447,0.6421212842099168,11.348400000000002,14.616782822743016,16.1749,3.8012144966408465,1.0592810080842552,27.523300000000003,21.24361615182487,0.9380315917375456,0.7240160224616288,1.1025144658891197,False,337,542,420,632
100,35.86588402703664,400.1141942369264,0.7318344039066178,27.547800000000002,21.230752518939717,23.887500000000003,5.922410685730544,1.0850725132426269,51.435300000000005,29.534671708797585,0.9787604456824512,0.4954128198850714,-0.6128074631643974,True,338,0,468,102
101,753.0638930163448,378.7949479940565,0.6280844172322605,3.2977000000000003,7.4908535316173825,5.061700000000001,2.0490881012472713,0.6066762479763972,8.3594,11.42080302527855,0.9347222222222222,0.7686392593184684,0.6016589199258671,False,355,728,402,776
102,1346.9804959598773,395.4318751741432,0.6555676089872798,17.586100000000002,18.795676759431466,23.333800000000004,4.731946529459843,1.243072136986729,40.919900000000005,27.146429278371187,0.9281096457201965,0.8550462854224975,-1.1500984018378297,False,348,1278,441,1410
103,469.95,400.81984536082473,0.6916803464050134,19.012000000000004,19.08271211386865,20.727000000000004,4.920043721808264,1.0965659092848252,39.739000000000004,26.795575746753798,0.9031657355679702,0.6568295727997133,1.46932935342005,False,354,416,454,531
104,152.6829931972789,396.2272108843537,0.6377119280171686,10.8045,13.95075251893972,15.763300000000003,3.709004807369636,1.053554231622293,26.567800000000005,21.25356564548603,0.9483870967741935,0.8057294215104822,-0.9042627881003639,False,355,109,445,198
105,1480.2314588427057,392.26161369193153,0.6533996529474256,6.012300000000001,10.522813126546318,8.070300000000001,2.7667847973435196,0.7338300278039877,14.082600000000003,15.278691911333116,0.9337899543378996,0.7857632900763096,-1.5378499305069853,False,363,1440,419,1513
106,838.4558457711443,402.91480099502485,0.6496516328729485,7.879200000000001,11.181808075912432,10.789800000000001,3.1673504733258198,0.8540547043201329,18.669000000000004,19.89165655689593,0.9646070785842832,0.6326976662928595,-0.9602259570106274,False,365,802,444,872
107,1169.4509394572026,394.9749478079332,0.6131730275341923,2.3471,6.459898987322334,3.8955000000000006,1.7287048722809517,0.5452862748386645,6.242600000000001,10.971808075912435,0.9300970873786408,0.8631443406161371,-1.268267129458407,False,379,1143,415,1194
108,699.9249329758713,405.96425379803395,0.6114510355381491,5.483100000000001,9.170853531617382,9.1826,2.6422149321615325,0.8395029332753091,14.665700000000003,15.558691911333117,0.961340206185567,0.7174326873645239,-1.5342505370932658,False,375,666,435,736
109,1224.0161827701095,419.7696335078534,0.6665433028878591,10.294900000000002,13.127737367038067,12.877200000000002,3.6204797733303287,0.9056225019030447,23.172100000000004,18.96964645562817,0.9554342883128695,0.47807633529745897,-1.048124647255282,False,381,1185,459,1265
110,1119.8994974874372,412.22613065326635,0.6472614374586614,0.9751000000000002,4.301909088590101,1.3524000000000003,1.1142422896620183,0.30361473805802947,2.3275,6.0498484809835,0.9045454545454545,0.9074709527873279,-0.8474410612324895,False,401,1108,425,1138
111,254.88696326952922,442.37428867046043,0.6652342670342758,18.943400000000004,17.3136666581637,23.863000000000003,4.911159332758009,1.2357209596792176,42.806400000000004,26.42653029104885,0.9686795289401152,0.28408123704023247,-0.16735248608921863,False,387,202,499,308
112,917.5920281359906,427.6242672919109,0.6130015702346383,8.3594,12.685777772109134,13.886600000000001,3.2624405972000656,1.0298174177889343,22.246000000000002,19.785626253092634,0.946725860155383,0.8550725200359115,-1.1803065223272946,False,391,873,464,965
113,1147.1466666666668,425.73066666666665,0.6253257753674438,1.8375000000000004,5.9409040379562175,2.8616000000000006,1.529567802828911,0.45823285487560084,4.6991000000000005,9.506782822743018,0.9057971014492754,0.7519225966650411,-1.2917767294644116,False,406,1127,444,1168
114,1275.5913461538462,430.2548076923077,0.5853792473789483,1.0192,3.9879393923934003,1.9551000000000003,1.1391601046359014,0.4034302736685975,2.9743000000000004,10.081280297426076,0.9244444444444444,0.5865601247624099,1.0233595189258518,False,412,1258,439,1299
115,558.8795637743007,447.21384542437175,0.5903218117050667,10.334100000000001,12.861808075912432,19.320700000000002,3.627366093909967,1.2586802149011203,29.654800000000005,22.02107827207074,0.9669876203576341,0.6576748877572158,-1.2695297270950618,False,403,512,497,602
116,639.1210855949896,447.42693110647184,0.5646255366809164,4.6942,8.685828278447966,10.030300000000002,2.4447578757201707,0.9425584559490812,14.724500000000003,15.128742417671951,0.9466403162055336,0.5071511400908513,-1.542147247858296,False,417,608,478,672
117,771.8202583785808,474.872870249017,0.6378646673801414,26.170900000000003,21.330600999923217,38.1514,5.77250593774571,1.6386143211235762,64.32230000000001,32.34590149988483,0.9626892573900505,0.5516431773829448,-1.5018221878685596,False,412,703,541,843
118,1530.9969135802469,443.25,0.6067798762169179,1.5876000000000001,5.2479393923934,2.7244000000000006,1.421757750540346,0.4606808667935878,4.312,8.436883835420684,0.9310344827586207,0.5522855077370723,-0.9670928441323562,True,425,1512,465,1541
119,1409.4903719086276,496.0145365301114,0.7354379264677199,51.91060000000001,30.71728280998856,44.06570000000001,8.12986031312526,1.4622938419144862,95.97630000000001,40.68009593653488,0.9650209509928949,0.7274722640564834,-0.796476086454637,False,419,1325,584,1503
120,1126.5,439.0,0.6546536707079771,0.029400000000000003,0.42000000000000004,0.039200000000000006,0.1934767237039479,0.0510319267455924,0.06860000000000001,0.8159797974644667,1.0,0.7905694150420949,0.0,False,437,1124,442,1128
121,691.9552845528456,450.5,0.5305323089996015,1.2054000000000002,4.42492424049175,3.0772000000000004,1.2388554989278473,0.5481312077501016,4.2826,8.4298484809835,0.9389312977099237,0.7950747999749836,-0.49239703379360783,False,431,675,469,708
122,383.12874251497004,469.2814371257485,0.6357955693864477,13.092800000000002,14.452762620207483,19.296200000000002,4.08292428429778,1.1694160716123851,32.389,22.814671708797587,0.9663652802893309,0.5405796139236586,1.225563218460794,False,429,336,512,435
123,1071.743541391665,499.4212709786913,0.6852308730559769,25.984700000000004,20.55065150626205,29.355900000000005,5.7519342484141625,1.3211104408782595,55.34060000000001,30.076479784710013,0.9684075967859752,0.4744254906464086,-0.453823246196762,False,437,1010,564,1129
124,1011.8550724637681,462.42753623188406,0.5222329678670935,0.6762000000000001,2.9499494936611663,1.8032000000000004,0.9278817705666585,0.42443827465013667,2.4794000000000005,9.646782822743017,0.9452054794520548,0.49144297473668047,-1.4960002926501654,False,451,1000,481,1034
125,1324.4556962025317,461.55696202531647,0.867398958023903,0.38710000000000006,2.232964645562817,0.1274,0.7020477389515485,0.05366173249390331,0.5145000000000001,2.4719595949289332,0.9294117647058824,0.653854665091721,0.7962182073693919,False,456,1320,467,1331
126,1293.7835178351784,480.1217712177122,0.6328448552666273,3.9837000000000007,7.8358787847868,5.963300000000001,2.2521554951560225,0.6533121585050167,9.947000000000001,12.499797974644668,0.9690107270560191,0.5809112646694118,0.38438771276244255,False,455,1269,507,1320
127,1228.9611829944547,481.80221811460257,0.6428783631163659,2.6509000000000005,6.285929291125634,3.7632000000000003,1.8371800970885908,0.5102806387369057,6.414100000000001,10.643340905032675,0.9695340501792115,0.7705259837163183,0.024836087263727515,False,455,1210,505,1246
128,1180.2431011826543,489.8212877792378,0.6185501788705541,3.7289000000000003,8.248843430349616,6.017200000000001,2.178940783583379,0.6718586466721186,9.746100000000002,12.8717575695736,0.942998760842627,0.8655905802893437,0.7057200193453372,False,464,1158,521,1209
129,953.8596646072374,492.3821712268314,0.563116751474019,5.551700000000001,9.665828278447966,11.956000000000001,2.6586921560245,1.0313474629498027,17.507700000000003,17.077159082212876,0.9537037037037037,0.6056169411025087,0.6460050880879626,False,455,917,528,987
130,61.238727609635575,525.4063207741405,0.7606757463837835,47.598600000000005,32.16567675943147,34.662600000000005,7.784884057841269,1.2246424153055941,82.26120000000002,36.29155554421827,0.9247905559786748,0.6698981239500909,-1.515003870136232,True,459,0,594,151
131,485.73737769080236,503.1573385518591,0.6247994330589635,12.519500000000003,14.404722215136415,19.551000000000002,3.9925333411647137,1.198785317235253,32.0705,22.585626253092638,0.9652436720816018,0.7024160606130763,1.232328444775109,False,461,438,548,536
132,999.0426356589147,488.6007751937984,0.48038446141526137,1.2642000000000002,4.506934341759516,4.214,1.2687117215720018,0.6861611661742888,5.478200000000001,10.503767670841368,0.9381818181818182,0.7615097346482493,-0.012304811197460004,False,469,980,509,1023
133,886.9454235361001,504.2950540079591,0.6560404243752704,8.619100000000001,12.072762620207484,11.407200000000001,3.312729835049463,0.8684260191039723,20.026300000000003,18.385626253092635,0.9528710725893824,0.6011889536274174,0.9481592053004384,False,469,849,541,931
134,637.861985472155,506.8450363196126,0.5913574561821457,2.0237000000000003,5.619898987322333,3.7632000000000003,1.6051962081566693,0.5546150259631407,5.786900000000001,9.513818177180202,0.9450800915331807,0.684410525898005,-0.9234943721021874,False,487,619,529,658
135,1505.2616925277869,584.1436117530538,0.8033006049738961,44.526300000000006,30.736681810065352,24.475500000000004,7.529451901748313,0.9218458350346744,69.0018,37.30346463280837,0.952116512992456,0.8058126640720132,-0.09502164827345262,True,488,1429,671,1541
136,668.9814814814815,513.1111111111111,0.8215838362577491,0.26460000000000006,1.897462120245875,0.1274,0.5804301711118437,0.06302346752690063,0.39200000000000007,2.2669343417595167,0.8709677419354839,0.43281466354349707,1.2019132807343509,False,509,664,519,676
137,575.4501397949674,540.47064305685,0.6019780520447008,10.515400000000001,13.134772721475251,18.5024,3.659046748636608,1.2096628021611828,29.017800000000005,21.690123727775692,0.9593205185516317,0.6934518580113611,-1.0019222080762928,False,498,531,587,621
138,1268.7781362007167,545.4243727598566,0.7014105243592301,13.671000000000001,15.565727265770303,14.116900000000003,4.172104722568024,0.8880295619801336,27.787900000000004,21.472661607529815,0.9505962521294719,0.7367075652957001,1.4123241729055314,False,512,1215,586,1316
139,398.1149521032903,554.4822990420658,0.6814763811219574,11.764900000000003,13.619797974644667,13.568100000000001,3.8703405431376083,0.9045030101123772,25.333000000000002,19.72720958855171,0.9646444355162715,0.3588186662922129,-1.0706430540543026,False,517,353,592,439
140,702.2810126582278,558.2398734177215,0.6191947083689576,7.742000000000001,11.659797974644668,12.450900000000003,3.139652935491379,0.9654446618814096,20.1929,18.102712113868648,0.9455415918611609,0.7305820669552542,0.2712167019715226,False,514,671,595,738
141,645.6323751891074,549.0423600605144,0.6449689110035519,3.2389000000000006,7.22037625946986,4.547200000000001,2.0307376889797264,0.5589222991095707,7.786100000000001,11.140803025278553,0.9336158192090396,0.7274793099843055,-0.5083587536912715,False,523,625,575,666
142,947.8616187989556,543.1148825065275,0.5628416617003177,1.8767000000000003,5.12492424049175,4.0474000000000006,1.5457970932837466,0.60030922960373,5.924100000000001,10.07630555059549,0.9671717171717171,0.30981175957633955,-1.0579094664131405,False,519,929,561,970
143,980.3846153846154,547.3141025641025,0.611637735448411,0.7644000000000001,3.3699494936611663,1.2789000000000001,0.98654158959243,0.31320461737661726,2.0433000000000003,6.6918585822512675,0.9397590361445783,0.6727322914358391,-0.9024069468421391,False,535,965,561,993
144,819.8021978021978,548.6593406593406,0.8240779560283968,0.4459000000000001,2.43095454429505,0.21070000000000003,0.7534835850882282,0.0804258695540236,0.6566000000000001,2.8269343417595167,0.9191919191919192,0.496068758124908,-1.0598115185666361,False,543,814,556,827
145,858.3308823529412,575.5323529411764,0.5897678246195884,3.3320000000000003,7.893868683519034,6.2475000000000005,2.059717010430696,0.7163515493593083,9.579500000000001,12.782285348059958,0.9264305177111717,0.8291428837320749,-0.48833017384588867,False,542,835,602,882
146,1326.251572327044,569.1006289308176,0.8055926959926678,0.7791000000000001,3.4109545442950497,0.42140000000000005,0.99598239407289,0.12017627085849426,1.2005000000000001,4.625401512639275,0.9244186046511628,0.6548971637671979,-0.21144480746332212,False,560,1318,584,1335
147,494.39865996649917,574.4589614740369,0.6477161346959541,2.9253000000000005,6.797888886054566,4.0474000000000006,1.929924257636494,0.5248295825943645,6.9727000000000015,10.394823227814083,0.9386792452830188,0.45591080872390727,-1.2666382137567453,False,555,469,595,516
148,986.4498834498835,572.6107226107226,0.7907998681631658,2.1021000000000005,5.923919189857867,1.2593,1.635994146379438,0.2163949469932453,3.3614000000000006,9.752813126546316,0.9245689655172413,0.7209929768325597,-1.06883007968767,False,557,968,587,1003
149,198.55308219178082,583.3510273972603,0.550224988149612,5.723200000000001,9.542813126546317,13.181000000000003,2.6994452323446545,1.1033150415890893,18.904200000000003,17.337686860699232,0.953469387755102,0.4987315386745372,0.5103371354454311,False,545,161,619,231
150,779.9177570093458,584.1339563862929,0.6163454038156964,7.864500000000001,11.6838181771802,12.838000000000003,3.164394475973198,0.9848653671556925,20.702500000000004,18.09276262020748,0.9353146853146853,0.6494607967649927,-1.0382736036458111,False,549,741,617,818
151,1147.2209464534822,614.5815001609615,0.6937783823230084,45.66310000000001,29.250550493584385,49.20580000000001,7.6249632559899085,1.6827625668867825,94.86890000000001,40.22278533530551,0.9265261483396301,0.6385703056483,1.4309639176081177,False,537,1059,687,1239
152,452.5226586102719,575.1540785498489,0.8557458062741249,1.6219000000000003,4.885929291125633,0.5929000000000001,1.4370341741259882,0.1211213684164223,2.2148000000000003,7.22286363288515,0.9511494252873564,0.44439628580384394,-1.0103517528381964,False,564,438,587,472
153,342.2773109243698,572.9831932773109,0.8366600265340756,0.5831000000000001,2.9089444430272837,0.24990000000000004,0.8616414442998164,0.08410853045776577,0.8330000000000001,3.4039191898578673,0.9015151515151515,0.6271805140269836,-1.3086219836386046,False,566,334,581,350
154,1334.9932432432433,591.6621621621622,0.5470760590246454,1.4504000000000001,5.057411613907042,3.3957000000000006,1.358935846787434,0.562531086040376,4.846100000000001,11.211229791087241,0.9051987767584098,0.8031719110669605,-0.9335959734025644,False,577,1316,613,1366
155,607.2481132075471,602.8745283018868,0.5304630310801244,5.194000000000001,9.607838379715734,13.264300000000002,2.571615483573397,1.1381269463074888,18.4583,17.970174234114527,0.9498207885304659,0.809614061055425,-1.1955293827830293,False,569,569,638,645
156,954.522243713733,609.8955512572534,0.6161078151924896,2.5333000000000006,7.32889393668845,4.1405,1.795967076167486,0.5595268455545288,6.673800000000001,11.290325753131025,0.9166666666666666,0.9160839502349827,0.3605918358706446,False,587,935,637,976
157,1267.106796116505,600.5970873786408,0.507444578254611,1.0094,3.876934341759517,2.9106000000000005,1.1336701444669317,0.5502033128905458,3.9200000000000004,8.248843430349616,0.8917748917748918,0.6663673036574848,-0.9877741146313485,False,582,1249,615,1285
158,1012.7135416666666,626.3533653846154,0.6834861261734088,12.230400000000001,14.073767670841367,13.950300000000002,3.94616635836972,0.9137101347210682,26.180700000000005,20.219696961967003,0.960369372835706,0.4960259691319765,0.0403139797882498,False,585,973,669,1053
159,327.26539278131634,608.4309978768578,0.6097083547251307,2.3079000000000005,5.960376259469858,3.9004000000000008,1.7142081394318143,0.548656673225376,6.208300000000001,9.689848480983501,0.9308300395256917,0.5371515208448805,1.1261650733684962,False,589,306,627,348
160,5.951965065502184,609.8733624454148,0.6193420618807836,1.1221,4.332964645562817,1.8032000000000004,1.1952832689983268,0.3673204943190836,2.9253000000000005,7.002914139223982,0.9581589958158996,0.8139940831029079,0.07879849386958025,True,592,0,630,19
161,88.62636505460219,618.3291731669267,0.5973314811840925,6.2818000000000005,12.482813126546317,11.323900000000002,2.828115303893628,0.9532337038406322,17.605700000000002,18.167737367038068,0.8890429958391124,0.9452977944401403,-1.3080516883483173,False,589,41,645,132
162,540.2402957486137,622.1977818853974,0.6385033366607435,5.301800000000001,9.788843430349617,7.702800000000001,2.5981650098246045,0.7354918353037847,13.004600000000002,15.58271211386865,0.9287553648068669,0.3868206251094303,-1.066569457476712,False,591,511,652,575
163,680.6981132075472,621.6827830188679,0.6526228810052958,4.155200000000001,8.045878784786801,5.600700000000001,2.300122813304444,0.6121529442768711,9.755900000000002,12.40080302527855,0.9496080627099664,0.510927368808351,-1.275629364068203,False,595,653,644,706
164,444.4015922158337,631.5435647943387,0.614379717597887,11.0789,15.374772721475251,18.272100000000002,3.7558079812693297,1.1786812722658229,29.351000000000003,22.913666658163702,0.9040383846461415,0.8579428426631449,-1.343009770364699,False,595,393,668,503
165,1306.993710691824,618.1132075471698,0.5687701568762209,1.5582000000000003,4.931909088590101,3.2585000000000006,1.4085318095827055,0.5339599343759072,4.816700000000001,8.685828278447968,0.9325513196480938,0.4843696153802809,1.374331792806757,False,601,1290,640,1325
166,1391.9633204633205,648.0750750750751,0.7107753234800294,22.8438,21.6495454429505,22.373400000000004,5.393109447435784,1.0972668041810814,45.217200000000005,28.68642927837118,0.8996526437668854,0.7789878730532329,1.126731270155092,False,591,1323,698,1455
167,370.8,624.22,0.6063390625908325,0.24500000000000002,1.6994722215136417,0.42140000000000005,0.5585191925620058,0.181307128692565,0.6664000000000001,3.2879393923934006,0.8928571428571429,0.5123655653079563,0.9103775529680114,False,619,366,634,379
168,348.73972602739724,636.283105022831,0.5849679478398795,1.0731000000000002,3.946934341759517,2.0629000000000004,1.1688940736676285,0.4146624682117377,3.1360000000000006,7.29286363288515,0.9240506329113924,0.45932444213613244,-0.5695259157862684,False,620,335,649,366
169,6.031578947368421,640.9263157894737,0.49868938175625893,0.4655000000000001,2.7784671708797584,1.4063,0.7698655779252754,0.3869560922623865,1.8718000000000004,5.6464065632731595,0.9047619047619048,0.7698082320706855,-1.2466827357295323,True,628,0,655,19
170,369.3486842105263,646.671052631579,0.5717357085490703,0.7448000000000001,3.2709545442950505,1.5337000000000003,0.9738114873622868,0.36472156663115934,2.2785,6.158366158202093,0.9559748427672956,0.6107053096531154,-0.5492792673582833,False,633,356,661,382
171,894.7353119321623,671.8946093276802,0.6573753796268635,16.179800000000004,16.98271211386865,21.261100000000003,4.5388061410359875,1.18281485678884,37.440900000000006,25.255575746753802,0.9584905660377359,0.6713335176006309,1.5336820259573454,False,625,846,719,959
172,278.15693203076285,677.7865308667637,0.6721138960041503,23.573900000000002,19.454671708797584,28.611100000000004,5.478614943909843,1.3363521569273926,52.18500000000001,28.765525240414966,0.9695687222893994,0.5587405986659714,1.4285781335407772,False,621,219,734,341
173,1294.5555555555557,649.8641975308642,0.5372137142905538,1.1907,4.49492424049175,2.9351000000000003,1.2312783299953585,0.5303464057740839,4.125800000000001,8.381808075912435,0.9169811320754717,0.8301044659266053,-1.0786407589387932,False,632,1278,668,1315
174,768.0537414965986,673.4867346938776,0.6590881300103707,14.406000000000002,15.678792924010784,18.7572,4.2827898479209505,1.1076317637554458,33.1632,23.483616151824865,0.9623567921440261,0.64174437465202,1.2991467924353424,False,627,716,719,816
175,142.1829268292683,658.2439024390244,0.5648594053921048,1.2054000000000002,4.243919189857866,2.5725000000000002,1.2388554989278473,0.4771774297203364,3.7779000000000007,8.58683332908185,0.935361216730038,0.6082752185442136,0.5447571010480444,False,644,128,675,166
176,693.4697406340058,663.8011527377522,0.629020704548177,1.7003000000000001,5.141909088590101,2.5970000000000004,1.4713562443926342,0.43388293815820916,4.297300000000001,8.405828278447968,0.9327956989247311,0.6633568727827774,1.3015051753631293,False,648,673,682,711
177,183.27383863080684,681.8916055419722,0.6106949551678622,6.012300000000001,10.044823227814083,10.1087,2.7667847973435196,0.8818832302901752,16.121000000000002,15.86271211386865,0.9467592592592593,0.7454631919355105,-0.2396331191579799,False,647,154,721,212
178,631.25,662.5913461538462,0.503032168484694,1.0192,3.891431816442575,3.0086000000000004,1.1391601046359014,0.5627134430140115,4.027800000000001,8.084823227814084,0.9122807017543859,0.8058904060910334,1.5132843910224838,False,647,614,682,649
179,660.743935309973,671.5956873315364,0.5989998110971244,1.8179000000000003,5.322914139223983,3.2487000000000004,1.5213882372274516,0.5092463797320802,5.066600000000001,9.552762620207483,0.9512820512820512,0.6606017289844678,0.2610584523130143,False,654,641,696,681
180,602.5896805896806,671.4054054054054,0.5969860083960641,1.9943000000000002,5.520904037956217,3.6015000000000006,1.5934935280901945,0.5378687090808725,5.5958000000000006,10.796204537917827,0.9443155452436195,0.5128224717321289,0.5972419285689822,False,655,577,698,624
181,979.5816326530612,670.5612244897959,0.8520128672302584,0.48020000000000007,2.6119595949289334,0.18130000000000002,0.781926869586808,0.06790690605526921,0.6615000000000001,2.8679393923934002,0.9333333333333333,0.5398411778767522,0.8067599982999633,False,664,974,677,987
182,365.1663405088063,680.1565557729941,0.6645746490285154,2.5039000000000002,6.336883835420684,3.1654000000000004,1.785515190655732,0.4505942713629742,5.669300000000001,9.4098484809835,0.9393382352941176,0.7633370290054241,-0.8203300962693734,False,660,346,699,385
183,72.91050035236081,701.4012215175006,0.692810558324577,20.859300000000005,18.348742417671954,22.598800000000004,5.153531375231375,1.1425276410643448,43.45810000000001,26.928540392316616,0.9668407903702021,0.5225408114262756,-0.9836340284377647,False,649,21,755,131
184,1242.2583643122678,711.8412639405204,0.6535439698644653,13.181000000000003,21.82060099992322,17.6792,4.096653565918674,1.085856802858351,30.860200000000006,26.4733636201307,0.7618238459359955,0.904752488414413,-0.3260557857864263,False,655,1203,777,1290
185,1303.5689655172414,677.8591954022988,0.5762474023388653,1.7052000000000003,5.12492424049175,3.4300000000000006,1.4734748289951884,0.5417714542753221,5.135200000000001,9.559797974644667,0.9456521739130435,0.6705031808897128,-1.1239175754518886,False,657,1280,695,1322
186,1347.4782608695652,677.9420289855072,0.6352234031660235,0.33810000000000007,2.1919595949289334,0.4998000000000001,0.6561114921070645,0.18838578367989098,0.8379000000000001,4.4829141392239835,0.9078947368421053,0.6174076136994219,-0.6997546180747556,False,667,1342,687,1360
187,1480.9318181818182,679.75,0.23660017702001682,0.21560000000000004,2.0349747468305837,3.6358000000000006,0.5239374445913377,0.8452524370253819,3.8514000000000004,8.156883835420683,0.7096774193548387,0.9365053151694321,1.0165846851247793,False,667,1465,695,1502
188,564.6245928338762,707.564332247557,0.5893089748793099,6.017200000000001,10.109848480983501,11.309200000000002,2.7679120268860467,0.9644827045087211,17.326400000000003,16.521707063234768,0.9497293116782676,0.78225064927888,-0.3330398211253753,False,671,538,747,599
189,688.3556338028169,696.9507042253521,0.5991987908011814,1.3916000000000002,5.013919189857867,2.4843,1.3311048608030296,0.44518484180094187,3.8759000000000006,7.990376259469858,0.9073482428115016,0.8619760676571168,1.3639512662040303,False,681,669,709,708
190,450.5689268702718,736.1625105071448,0.6812777780648456,34.976200000000006,24.39859089865545,40.380900000000004,6.673311094544148,1.5609877558014096,75.35710000000002,35.66695705685755,0.9579922158099584,0.5887424487714789,1.5605006343123167,False,672,375,801,529
191,633.718820861678,710.2615268329554,0.6311687442672025,6.482700000000001,10.570853531617383,9.790200000000002,2.8729827699891692,0.8394314930661394,16.272900000000003,16.08266160752982,0.9470293486041518,0.7620363531066701,-1.5364923063905396,False,680,597,741,671
192,1010.9706158708465,765.2899120184505,0.7173201318723118,57.36430000000001,31.9714545315406,54.12050000000001,8.54625621053168,1.6839444978860367,111.48480000000002,42.64670452516337,0.9431241440425361,0.5165218967533803,-0.19082527604402627,False,674,929,855,1102
193,1277.2087912087911,715.2445054945055,0.5487032611687344,1.7836000000000003,5.165929291125633,4.1405,1.5069671701764564,0.6197241911573752,5.924100000000001,9.980224740453359,0.9503916449086162,0.7021848936593318,-0.05827204449864655,False,696,1256,744,1296
194,1307.2132352941176,713.75,0.498626999696492,0.6664000000000001,2.99095454429505,2.0139000000000005,0.9211334499471358,0.46310312293661166,2.6803000000000003,7.278366158202092,0.951048951048951,0.6686374141582607,0.09274107107903351,False,701,1294,734,1319
195,1360.1483420593368,718.4520069808028,0.6258282277177493,2.8077000000000005,6.6988939366884495,4.361000000000001,1.8907338971290797,0.5652183952958263,7.168700000000001,10.58080302527855,0.9518272425249169,0.776986597658496,-1.0843595708746034,False,701,1336,740,1386
196,1510.7816593886462,717.6768558951965,0.5363659592209925,1.1221,4.168944443027283,2.7783,1.1952832689983268,0.516600655162855,3.9004000000000008,8.577310601229376,0.9346938775510204,0.5876502215625017,-0.2327521831397618,False,702,1489,737,1529
197,1411.9594594594594,724.9949324324324,0.6158279583709552,2.9008000000000003,6.715878784786801,4.748100000000001,1.9218255049217556,0.5994463371179272,7.648900000000001,10.727838379715733,0.9502407704654896,0.6619397942871595,-0.5743987304141716,False,705,1390,748,1435
198,1535.1912751677853,734.5939597315436,0.615347960984413,1.4602000000000002,5.988944443027283,2.3961000000000006,1.363519117292561,0.42616571595059066,3.8563000000000005,10.906356056934326,0.9430379746835443,0.9603189408216752,0.03432285014723338,True,692,1520,759,1541
199,199.96296296296296,725.957671957672,0.5241271814412809,0.9261000000000001,3.86492424049175,2.4451000000000005,1.0858854186235463,0.4929560735346956,3.3712000000000004,7.860325753131026,0.9086538461538461,0.7456090664056659,-1.0316993981780453,False,704,182,738,215
200,342.6624040920716,737.0332480818414,0.6313262902900663,1.9159000000000004,5.438893936688451,2.8910000000000005,1.5618577540090195,0.45603668108385653,4.806900000000001,8.651858582251268,0.9490291262135923,0.6234427552280255,0.33621243748387925,False,718,326,755,361
201,915.1301369863014,734.4657534246576,0.5806741323986728,0.7154000000000001,3.1479393923933996,1.4063,0.9543980146163002,0.34460272396049896,2.1217,8.033868683519035,0.9358974358974359,0.5520485786018466,0.8352074253749977,False,724,908,753,939
202,1483.7034161490683,744.22049689441,0.5572352193479647,3.1556000000000006,7.1938686835190335,7.0070000000000014,2.0044537179406965,0.796343698258751,10.162600000000001,13.014671708797584,0.9470588235294117,0.7887452449127028,0.5623784618546768,False,715,1459,778,1510
203,719.3463226259435,768.708794102159,0.6650924810774395,27.915300000000006,21.84668181006535,35.19180000000001,5.9617836142504785,1.5010289662027663,63.10710000000001,32.333464632808365,0.9634703196347032,0.7383579739861063,-1.3266253913033423,False,709,648,825,793
204,855.5509529860228,764.7186785260483,0.6990697104080072,19.2815,18.068742417671952,20.173300000000005,4.954792455977449,1.0664509607884989,39.454800000000006,25.566631303726517,0.957188032108976,0.6985173390303087,1.3023022062052119,False,722,802,812,916
205,1446.0479846449136,753.9404990403071,0.576981237340359,2.5529,6.380376259469858,5.115600000000001,1.8029013377759744,0.6609063204714867,7.668500000000001,11.273767670841366,0.9353680430879713,0.6056475171076469,0.9093776550079852,False,735,1422,781,1472
206,1285.0619047619048,794.4428571428572,0.7464396836321902,31.899000000000004,24.0295454429505,25.352600000000002,6.372995232816902,1.0824308533412959,57.25160000000001,30.782308063157984,0.9635879218472468,0.7875522658617784,-0.8031115860538927,False,730,1220,858,1351
207,1374.0560224089636,763.3473389355743,0.6268615644810785,3.4986000000000006,7.671858582251266,5.404700000000001,2.1105818797692835,0.6281603987824861,8.903300000000002,12.6957272657703,0.938239159001314,0.8084430548484547,-0.5551153495933044,False,732,1348,788,1399
208,1178.0502732240436,778.0562841530054,0.6341209872726737,8.967,12.895777772109133,13.332900000000002,3.3789257165022444,0.9747966319093078,22.299900000000004,19.785626253092634,0.9247094492167761,0.7203392663599835,-1.20155207066648,False,739,1129,815,1218
209,626.1763565891473,769.953488372093,0.6058040751966706,2.5284000000000004,6.3198989873223335,4.361000000000001,1.7942293233888433,0.5837513450309026,6.889400000000001,12.548265145524425,0.9467889908256881,0.6066364036776993,-0.5606211160000982,False,751,608,792,657
210,193.70178041543028,772.0252225519288,0.6894326278745423,3.3026000000000004,7.333868683519033,3.6456000000000004,2.050609889872364,0.4618671201531993,6.948200000000001,10.26683332908185,0.9453015427769986,0.5625990538868378,-0.9677448144199026,False,751,172,792,216
211,567.2082429501085,785.8383947939262,0.6425709668046059,4.5178,8.593868683519034,6.423900000000001,2.3983831251917445,0.6670483152486625,10.9417,13.0477878733769,0.944672131147541,0.6838065819641063,-0.7064646705892382,False,757,542,814,593
212,1404.6773584905661,788.011320754717,0.6077318315623073,2.5970000000000004,6.575878784786799,4.434500000000001,1.8184067470390715,0.5868567739014576,7.031500000000001,10.450752518939716,0.9347442680776014,0.6780359409086506,0.16858901397994264,False,762,1384,809,1427
213,358.5736842105263,789.1771929824562,0.6401383746887084,2.7930000000000006,6.954873734152916,4.022900000000001,1.8857778364498057,0.5300565502973027,6.815900000000001,10.5277878733769,0.9344262295081968,0.7911806727812745,0.98375451654873,False,767,336,810,382
214,31.03448275862069,784.6995073891626,0.44655415017366934,0.9947000000000001,4.142436867076459,3.9935000000000005,1.1253849897470938,0.6973842386081823,4.988200000000001,8.709848480983501,0.9269406392694064,0.8536881051755214,-1.3017362459080533,False,767,11,801,49
215,253.20689655172413,780.8965517241379,0.2685876085797464,0.28420000000000006,1.9529646455628167,3.6554000000000006,0.6015435799788186,0.819055709052145,3.9396000000000004,8.470853531617383,0.8923076923076924,0.7594425697938023,-1.5382619559944997,False,759,224,788,266
216,109.83778476040848,804.738413197172,0.5639250760353399,12.475400000000002,14.848742417671952,26.754000000000005,3.9854952786810642,1.5409622877839908,39.229400000000005,25.4295454429505,0.954272863568216,0.7245374155316455,-1.3011815698323648,False,759,55,855,169
217,518.0,784.1935483870968,0.8490761052804039,0.15190000000000003,1.3179898987322336,0.058800000000000005,0.4397784520019953,0.03908546971061955,0.21070000000000003,1.6679898987322332,0.9393939393939394,0.6589713014833499,1.5707963267948966,False,781,514,787,523
218,1477.0294117647059,792.2601809954751,0.570087712549569,2.1658000000000004,6.056883835420684,4.498200000000001,1.6605969426647202,0.6261413940684678,6.664000000000001,11.838742417671952,0.9266247379454927,0.7594116541346337,0.9981752424169785,False,766,1455,818,1499
219,281.2247927749598,833.3882221947297,0.7114327135777871,39.606700000000004,27.0416060505571,38.646300000000004,7.101324994426194,1.4401995048402743,78.25300000000001,39.86077523403774,0.9472635649830071,0.5852820519270175,1.0786028129318177,False,759,202,905,361
220,615.4314442413163,806.3235831809872,0.6377236468989732,2.6803000000000003,6.476883835420684,3.9102000000000006,1.8473396958203592,0.524715910406393,6.590500000000001,10.276782822743018,0.951304347826087,0.31095102410039965,-0.9826966178907219,False,786,596,832,638
221,1366.8119891008175,803.9591280653951,0.5683866468185985,1.7983000000000002,5.240904037956217,3.7681000000000004,1.5131644567915425,0.5745226324072584,5.566400000000001,11.556255044256659,0.9434447300771208,0.6988869785612646,-1.0259450344947338,False,788,1339,828,1390
222,1526.1922753988244,828.0705289672544,0.6709048954097795,5.8359000000000005,9.720904037956219,7.129500000000001,2.7258941026973034,0.6685585475428011,12.965400000000002,14.787838379715737,0.9746317512274959,0.7917238134719521,0.024911201706900872,True,792,1496,862,1541
223,397.36347826086956,818.1965217391304,0.6226777491056573,2.8175000000000003,6.558893936688451,4.4492,1.8940307329321038,0.5738601872633624,7.266700000000001,10.696782822743018,0.9599332220367279,0.7321305527966739,1.2737255498953683,False,799,372,840,422
224,25.705882352941178,822.4754901960785,0.5935752742640283,1.9992000000000003,6.167888886054567,3.6750000000000007,1.5954499358596426,0.5462073057298545,5.674200000000001,9.624823227814083,0.9066666666666666,0.754946429514266,-0.37470833305522094,False,800,9,845,45
225,182.5045871559633,818.8807339449542,0.8496200942984821,0.5341000000000001,2.754446968344225,0.20580000000000004,0.8246437053922442,0.07297958433800283,0.7399000000000001,3.02492424049175,0.8934426229508197,0.4537566339156453,-1.2079302668115117,False,812,176,826,190
226,572.1509433962265,826.2603773584906,0.5681347561065281,1.2985000000000002,4.42492424049175,2.7244000000000006,1.2858077417866984,0.48870067183735744,4.022900000000001,8.125828278447969,0.9430604982206405,0.390615539775683,-0.4393738011946917,False,808,553,845,586
227,458.2413793103448,834.2952060555089,0.672633118441512,5.826100000000001,9.648843430349618,7.051100000000001,2.7236043970410853,0.6627817257379482,12.877200000000002,14.278792924010784,0.9550200803212852,0.6540622896393072,-1.5696591317327628,False,809,428,862,491
228,527.048447204969,832.2658385093167,0.6258813736781715,3.9445000000000006,7.975878784786802,6.125000000000001,2.2410473855337933,0.6697895197542199,10.069500000000001,12.330803025278552,0.9459459459459459,0.7085410465954444,-1.5180601478597364,False,811,498,854,557
229,1455.04500450045,848.8078307830783,0.6542541903263764,10.887800000000002,13.991757569573599,14.548100000000002,3.7232751060279585,0.9837971121966425,25.435900000000004,20.659595949289333,0.9375527426160337,0.49933292023241815,-1.0207122684350085,False,804,1413,890,1500
230,788.3443163097199,837.2289950576607,0.7030644879860602,2.9743000000000004,6.6819090885901,3.0429000000000004,1.9460206519730965,0.41094568745647514,6.017200000000001,9.689848480983501,0.9574132492113565,0.34099742998756066,0.9506931699731132,False,819,768,857,810
231,1389.4742014742014,850.002457002457,0.6074484782035462,5.982900000000001,10.476833329081849,10.231200000000001,2.760011752184401,0.8918014056930751,16.214100000000002,16.463717164502533,0.9011070110701107,0.7796170578383046,-0.07458497652089148,False,815,1360,887,1420
232,636.1610360360361,848.0011261261261,0.5901146448933859,4.3512,8.702813126546317,8.1438,2.353745930862471,0.8174394543933179,12.495000000000001,15.851128778409574,0.9436769394261424,0.7356947452380845,-0.3279298672447251,False,819,609,882,672
233,1339.1288659793815,842.6855670103092,0.48939367878989426,0.9506000000000001,4.016934341759517,3.0184000000000006,1.1001552214234345,0.5739205824645288,3.9690000000000007,10.585777772109136,0.8899082568807339,0.7599008670840606,1.3871244566135634,False,824,1309,854,1356
234,383.04046242774564,846.1387283236994,0.5929806204760512,0.8477000000000001,3.526934341759517,1.5631000000000002,1.03890575225667,0.3565502480737894,2.4108000000000005,6.397361107568209,0.9402173913043478,0.6771265690297554,-1.0836585725240948,False,830,372,860,398
235,594.6848739495798,848.3025210084033,0.5499220228886469,1.1662000000000001,4.383919189857867,2.6901000000000006,1.2185450164315421,0.4986527663811001,3.8563000000000005,8.207838379715733,0.9153846153846154,0.7763555296103286,-0.8372565076919991,False,832,577,865,614
236,1150.5500790941637,899.9489634501707,0.7443204384733442,58.85390000000001,34.67288634798317,47.3781,8.656506965392497,1.4867870011762805,106.23200000000001,44.72062371502124,0.9342719352831362,0.5750666478469314,0.7588581473161801,False,811,1060,988,1245
237,867.7422467263956,875.7229496898691,0.6610962053824575,21.329700000000003,18.59768686069923,27.474300000000003,5.211316294117793,1.335762369114647,48.80400000000001,27.782611101190987,0.966688874083944,0.4578471439471443,-1.3831147367513696,False,821,812,930,926
238,175.2863247863248,857.531339031339,0.5746281876937398,3.4398000000000004,8.726833329081849,6.977600000000001,2.0927707437700893,0.7745927741482957,10.4174,13.48271211386865,0.8886075949367088,0.8664073621440083,1.1070020603136634,False,832,141,883,204
239,565.4814814814815,856.4148148148148,0.5948666381375488,1.3230000000000002,4.622914139223983,2.4157,1.2978813187979172,0.4419604229523876,3.7387000000000006,8.145300499961609,0.9278350515463918,0.7442537908924578,0.6670189558579508,False,838,547,872,584
240,950.2705882352941,856.7588235294118,0.5253323005241787,0.8330000000000001,3.485929291125634,2.1854000000000005,1.029858505215348,0.46526795227364687,3.0184000000000006,6.978893936688451,0.9392265193370166,0.6738949856537969,0.8947930810466176,False,842,936,871,965
241,1329.2,854.0,0.39324187881980727,0.07350000000000001,0.8400000000000001,0.40180000000000005,0.30591356056578217,0.23600682843025797,0.47530000000000006,3.0659292911256335,0.8333333333333334,0.8956544020083579,0.7082387754343888,False,848,1323,861,1338
242,1344.78125,857.0,0.6099942813304187,0.15680000000000002,1.41698484809835,0.26460000000000006,0.44681535404960465,0.1428378499620121,0.42140000000000005,2.7109545442950505,0.9411764705882353,0.5667141102435747,1.0490466103935725,False,852,1335,861,1350
243,725.6828183239148,897.8938319105447,0.7490072125049836,40.7533,26.153565645486033,31.889200000000006,7.203382062507549,1.2069289274356223,72.64250000000001,34.09135351886294,0.9693473193473193,0.7092178045402968,1.543356554133286,False,840,641,961,803
244,375.5925925925926,869.2530864197531,0.6813100476940182,0.7938000000000001,3.4279393923934,0.9163000000000001,1.0053345466116106,0.23512791261160135,1.7101000000000002,5.4388939366884514,0.9364161849710982,0.598044887483201,0.4554424804547712,False,855,368,883,386
245,418.9483747609943,876.2198852772467,0.6043372102453654,2.5627000000000004,6.336883835420684,4.4541,1.8063584863732896,0.5913162601101776,7.016800000000001,11.215777772109135,0.945750452079566,0.2982633630327302,0.07917778761885236,False,855,395,905,438
246,472.6282527881041,871.8215613382899,0.8315748369879695,1.3181000000000003,4.721909088590101,0.5880000000000001,1.295475605295375,0.13119125320715957,1.9061000000000003,5.3978888860545675,0.9307958477508651,0.833889644202075,-0.8388718567162452,False,862,461,884,486
247,116.23611111111111,869.3611111111111,0.6068660849090083,0.7056000000000001,3.3119595949289335,1.2103000000000002,0.9478385003602307,0.30700962682439437,1.9159000000000004,5.5979393923934,0.935064935064935,0.8423242821061244,-1.5434091825243403,False,861,105,878,134
248,1015.3796133567663,878.5289982425307,0.6442247502316927,2.7881000000000005,6.558893936688451,3.9298000000000006,1.884122919205673,0.52025655792758,6.717900000000001,10.901808075912433,0.9530988274706867,0.6621174322195413,-1.2937853524814171,False,861,991,902,1039
249,594.3099787685775,884.4755838641189,0.6272827984834136,2.3079000000000005,6.056883835420682,3.5574000000000003,1.7142081394318143,0.5092717846645001,5.865300000000001,10.061808075912436,0.9476861167002012,0.45469800277420136,-0.42503641484822297,False,864,576,906,617
250,1294.071761416589,911.8245573159367,0.6657366499385909,21.030800000000003,19.10964645562817,26.420800000000003,5.174673537279068,1.2990900472465912,47.451600000000006,28.683941904955894,0.9576082106202588,0.7427947279730642,-0.9855329946135359,False,861,1231,974,1359
251,150.72916666666666,886.0458333333333,0.48867777742522095,1.1760000000000002,4.6179393923934,3.7485000000000004,1.2236542422631287,0.6401780843336834,4.924500000000001,8.968315651863257,0.9195402298850575,0.8706664403296851,1.2662156485991587,False,866,132,904,172
252,519.7731179099347,911.5916122378825,0.6327383590344979,14.254100000000003,15.367737367038067,21.349300000000003,4.260150677453732,1.236364056503052,35.60340000000001,23.920600999923217,0.9645225464190982,0.5396830547330708,-1.0908886970121905,False,862,468,955,571
253,974.0931034482759,893.4344827586207,0.6501849927377139,2.8420000000000005,6.657888886054567,3.8808000000000007,1.9022478245847287,0.5117273114608881,6.722800000000001,10.69927019615831,0.9555189456342669,0.6376155024841068,-0.4688840344308686,False,871,952,915,998
254,280.64878048780486,888.8048780487804,0.46774282583552007,1.0045000000000002,4.212436867076458,3.5868000000000007,1.1309151704201652,0.6434494337271218,4.5913,9.525828278447966,0.8836206896551724,0.8504986199680508,1.5331064800365979,False,877,253,904,306
255,1497.0594145158495,931.0362030140309,0.7284944567814613,28.287700000000005,23.531656556895932,25.014500000000005,6.001418021568308,1.1183463682251704,53.302200000000006,30.483616151824865,0.9440719542109567,0.7232756397631475,-1.2709723638697716,True,867,1419,987,1541
256,197.21052631578948,896.328947368421,0.538930292220257,1.1172000000000002,3.9879393923934003,2.7293000000000003,1.1926706248491763,0.5101812835675149,3.8465000000000007,8.101808075912434,0.9539748953974896,0.6281200845932338,-0.8434490427657997,False,877,182,915,216
257,383.8051282051282,901.9897435897436,0.6391553434593391,2.8665000000000003,6.838893936688449,4.1503000000000005,1.9104295734162369,0.539280716588704,7.016800000000001,10.638792924010785,0.9450726978998385,0.7445912594563499,0.92838077397434,False,882,363,924,411
258,942.0227272727273,902.9545454545455,0.7119778384165573,1.078,3.8479393923933998,1.0486000000000002,1.171559742063761,0.23697027570675705,2.1266000000000003,6.389898987322333,0.9565217391304348,0.552798356704243,0.168079491669982,False,891,932,915,957
259,223.20089285714286,904.0267857142857,0.594400793101016,1.0976000000000001,3.990426765808692,2.0090000000000003,1.1821623087805309,0.403333996549504,3.1066000000000003,7.121808075912434,0.9256198347107438,0.37803859927689387,1.0610610737816462,False,890,206,922,238
260,618.3586206896551,906.5241379310345,0.5316493883423138,0.7105000000000001,3.1479393923934005,1.8032000000000004,0.9511239122923644,0.4189410124906998,2.5137000000000005,7.121808075912433,0.9415584415584416,0.5446140082411571,0.8113853677319698,False,894,602,922,631
261,1025.4723676040096,970.53739022443,0.7818573435037898,55.23770000000001,32.275474734076134,35.123200000000004,8.386347476715802,1.1699193798402991,90.36090000000002,40.621679271993955,0.9528357704336067,0.7253113124699401,-0.6049465757282291,False,881,949,1052,1105
262,1357.5,900.5,0.5773502691896257,0.019600000000000003,0.28,0.039200000000000006,0.15797308339337177,0.05782216163613171,0.058800000000000005,0.7000000000000001,1.0,0.0,-0.7853981633974483,False,899,1357,903,1360
263,1389.621153846154,920.6884615384615,0.702394927214093,5.096000000000001,9.006833329081848,5.233200000000001,2.547239431221649,0.5396332938640286,10.329200000000002,12.832813126546316,0.9523809523809523,0.6298756517519385,-0.23937769835064956,False,892,1365,947,1415
264,595.4910714285714,920.0357142857143,0.5562304065703081,1.0976000000000001,4.086934341759517,2.45,1.1821623087805309,0.4715740823754582,3.5476000000000005,7.314823227814084,0.9294605809128631,0.31751059548751787,0.35064183203795735,False,904,582,935,615
265,449.860103626943,922.3886010362694,0.6676282518580111,0.9457000000000001,3.7489444430272836,1.1760000000000002,1.0973161064415502,0.27314367804787393,2.1217,5.832386360737625,0.9368932038834952,0.6418472124240714,0.5621538689740843,False,912,435,936,462
266,206.9563994374121,933.0745428973277,0.6926449920559903,3.4839000000000007,7.4498484809834995,3.7779000000000007,2.1061432168546452,0.46729108892138943,7.261800000000001,10.549747468305833,0.9467376830892144,0.42053521811673983,-0.15855463035971898,False,908,186,955,231
267,104.28456735057983,938.8180196253345,0.7835242090703661,5.492900000000001,11.362813126546317,3.4545000000000003,2.6445751067564287,0.36532788730750343,8.947400000000002,18.711606050557098,0.8390718562874252,0.9095944597112923,1.1417162811479857,False,911,79,964,139
268,427.4867924528302,931.6037735849056,0.6485637367560111,1.2985000000000002,4.325929291125633,1.7885000000000002,1.2858077417866984,0.3483693601834121,3.0870000000000006,6.998366158202092,0.9464285714285714,0.4937320213541786,-0.08741965791122062,False,918,412,945,445
269,927.5736434108527,930.2713178294574,0.8071648849616486,0.6321000000000001,3.034446968344225,0.33810000000000007,0.8971146616944217,0.10716224913491809,0.9702000000000002,3.867411613907042,0.9084507042253521,0.3246064063808552,-0.9399881314577128,False,921,920,940,935
270,296.89856733524357,946.6383954154728,0.5863229704604105,8.550500000000001,11.724823227814085,16.321900000000003,3.2995203783668337,1.1639794599521809,24.872400000000003,20.055676759431467,0.9598459845984598,0.5816052941738702,1.4624020594908986,False,911,254,985,342
271,400.139896373057,936.1813471502591,0.6477385409185594,0.9457000000000001,3.7079393923933996,1.3083000000000002,1.0973161064415502,0.29837824084121156,2.2540000000000004,5.940904037956217,0.9368932038834952,0.3817107443806138,1.3003467577412922,False,924,388,947,415
272,619.923322683706,938.6038338658147,0.5580705923712983,1.5337000000000003,4.9029141392239834,3.3908000000000005,1.39741457333188,0.5532979187993079,4.924500000000001,8.487838379715734,0.9343283582089552,0.38543731984124857,-0.6816193081361178,False,921,602,957,638
273,803.2632124352332,949.3108808290156,0.570783131188568,4.7285,8.893340905032675,9.785300000000001,2.453673406808701,0.9225553097226877,14.513800000000002,16.114570696119916,0.9405458089668616,0.7727433235555805,-0.5128762927995637,False,916,769,984,836
274,236.32010582010582,957.5396825396825,0.5935345969701844,1.8522000000000003,5.462914139223983,3.4055000000000004,1.535673886200605,0.5258314412194645,5.257700000000001,10.117310601229375,0.9356435643564357,0.6448934951858506,-0.32583163297970175,False,940,220,975,262
275,367.27759197324417,954.6521739130435,0.5382645094844566,1.4651000000000003,4.70492424049175,3.5917000000000003,1.365804984978268,0.5858092290828678,5.056800000000001,8.965828278447967,0.940251572327044,0.4558007374888066,-0.8541024046412533,False,938,349,975,388
276,875.634558626241,988.2889723638315,0.6302777588440995,18.262300000000003,17.436681810065352,27.709500000000006,4.8220620628333855,1.4143158058862975,45.97180000000001,28.514520189781084,0.9608146429492137,0.5366434285238909,-0.11106894534530655,False,934,830,1054,938
277,572.6070287539936,967.7667731629393,0.6100622763087632,1.5337000000000003,4.9029141392239834,2.5872,1.39741457333188,0.44659756793600547,4.120900000000001,7.777888886054567,0.9343283582089552,0.5469083544436052,0.2367170030309343,False,950,558,984,588
278,475.45137006925626,1000.32219211081,0.7014530968954609,32.54580000000001,26.98070201260089,33.59930000000001,6.4372820021373665,1.3698924522925813,66.14510000000001,35.8235151391472,0.9422613136615122,0.9428838941820792,1.4181952602821906,False,951,383,1054,562
279,653.279309077545,996.2973171628078,0.6644589981193193,13.332900000000002,14.971757569573603,16.865800000000004,4.120191200174993,1.040314817889201,30.198700000000006,22.363616151824868,0.9608050847457628,0.5340531371896817,1.3448234349357924,False,957,599,1042,698
280,1233.047619047619,975.5714285714286,0.8609160647753271,0.30870000000000003,2.1339696961967,0.10780000000000002,0.6269362387513939,0.050641846974510005,0.41650000000000004,2.4309545442950498,0.9264705882352942,0.8370796490028598,-0.889235064482142,False,972,1228,982,1240
281,351.930412371134,985.0824742268042,0.6480072684109491,1.9012000000000002,5.462914139223983,2.6264000000000003,1.5558544348525962,0.4225642822044701,4.5276000000000005,8.58683332908185,0.941747572815534,0.653919867423792,0.9604858670581512,False,965,335,1002,371
282,188.8137535816619,988.7793696275072,0.7671589689513483,1.7101000000000002,6.31286363288515,1.1956000000000002,1.4755903718348131,0.22392880582047284,2.9057000000000004,8.41080302527855,0.8681592039800995,0.9440171454502944,1.0358023087819368,False,975,173,1002,209
283,752.5228455754772,998.7721226142279,0.6252995663807592,8.472100000000001,11.502813126546316,13.195700000000002,3.2843588030163167,0.9840488733859225,21.667800000000003,18.602661607529814,0.9653824678950307,0.6255373518963928,1.0464159948024574,False,965,711,1037,792
284,819.3217623497998,1002.1602136181575,0.5837502301585765,3.6701000000000006,7.917888886054567,7.100100000000001,2.1616929599581254,0.7707099291472332,10.7702,15.481229791087243,0.9281288723667905,0.7798113553383902,-0.07820523511698735,False,966,799,1047,840
285,1208.2021996615906,1027.8481387478848,0.7002533100210203,11.583600000000002,18.662712113868654,12.039300000000003,3.840403310902936,0.8219512597469294,23.622900000000005,22.610073221436856,0.91415313225058,0.9542023172797711,-1.2354599919691807,False,994,1148,1058,1264
286,1478.0829450139795,1034.3606710158435,0.6042269165829798,5.257700000000001,8.948843430349616,9.143400000000002,2.587336768639534,0.8473623258573171,14.401100000000001,14.95477272147525,0.9631956912028725,0.4279490752608114,1.4248244640530316,False,1004,1446,1065,1507
287,1318.4017857142858,1035.9642857142858,0.8289249449842718,0.5488000000000001,3.171959594928934,0.24990000000000004,0.8359149850018586,0.08625883616663149,0.7987000000000001,3.5679393923934004,0.8549618320610687,0.8898338864672015,-0.22014311786955318,False,1027,1312,1046,1324
288,793.4285714285714,1038.1083743842364,0.6815650317090163,0.9947000000000001,3.905929291125634,1.1466,1.1253849897470938,0.2628963612075846,2.1413,7.973818177180201,0.9227272727272727,0.5262108320634733,0.8243569057514614,False,1021,775,1050,805
289,1536.5442477876106,1072.08407079646,0.40734807263084555,1.1074000000000002,7.78492424049175,5.566400000000001,1.1874280912289887,0.8637963380237774,6.673800000000001,12.443868683519035,0.7174603174603175,0.994171063015481,-0.04087387905603537,True,1025,1515,1096,1541
290,691.918918918919,1052.0405405405406,0.433378886060741,0.36260000000000003,2.652964645562817,1.5680000000000003,0.679467923393717,0.4441850814870831,1.9306000000000003,9.863818177180201,0.9024390243902439,0.9041578194693879,0.05878822843729092,False,1034,678,1067,696
291,1238.6743421052631,1065.9309210526317,0.5860911404028873,1.4896000000000003,4.902914139223984,2.8469,1.3771774126224618,0.4862946161663708,4.336500000000001,8.72683332908185,0.9440993788819876,0.8317834295886449,0.9403673413728634,False,1045,1220,1081,1258
292,1371.2952231793265,1082.2509788566954,0.6277539234666015,12.514600000000002,25.27625504425666,19.242300000000004,3.9917519470205898,1.1835162993226793,31.756900000000005,29.16271211386865,0.7737049378976067,0.9820924011797312,-1.4460363604011,True,1041,1275,1096,1446
293,1152.36,1085.2505263157896,0.686462059206595,6.982500000000001,14.555878784786803,7.8351000000000015,2.98167656212294,0.6809325561856227,14.817600000000002,19.243818177180202,0.9163987138263665,0.9736120123421272,-1.4685798704104995,True,1062,1080,1096,1196
294,1223.5,1090.7368421052631,0.4620423639315076,0.18620000000000003,1.655979797464467,0.686,0.4869057436811434,0.2834530806115735,0.8722000000000001,4.323441917710342,0.926829268292683,0.8610168589971707,1.060799635256059,False,1084,1220,1095,1245
295,1485.5422535211267,1091.6760563380283,0.4641960759906299,0.6958000000000001,4.1639696961967,2.5333000000000006,0.9412332735441976,0.543214933793781,3.2291000000000003,9.052386360737628,0.922077922077922,0.964815348071317,-1.5318273323641598,True,1078,1453,1096,1509
296,214.5,1091.3125,0.3036758472004494,0.15680000000000002,1.428994949366117,1.5435000000000003,0.44681535404960465,0.5122704451715148,1.7003000000000001,11.364873734152916,0.8421052631578947,0.9173207033133357,1.5707963267948966,False,1081,202,1095,262
297,693.0,1091.0,0.22176638128637183,0.014700000000000001,0.07,0.28420000000000006,0.13680870333281758,0.24004795417735542,0.29890000000000005,2.3319595949289336,1.0,1.0,1.5707963267948966,False,1084,686,1094,696
